date,count,uniques
2026-06-05,0,0
2026-06-06,0,0
2026-06-07,0,0
2026-06-08,0,0
2026-06-09,0,0
2026-06-10,0,0
2026-06-11,0,0
2026-06-12,0,0
2026-06-13,0,0
2026-06-14,0,0
2026-06-15,0,0
2026-06-16,0,0
2026-06-17,0,0
2026-06-18,74,40
2026-06-19,54,26
2026-06-20,3,3
2026-06-21,1,1
2026-06-22,10,6
2026-06-23,3,2
2026-06-24,4,4
2026-06-25,17,8
2026-06-26,1,1
2026-06-27,0,0
2026-06-28,0,0
2026-06-29,15,10
2026-06-30,2,2
2026-07-01,142,45
2026-07-02,111,33
2026-07-03,16,10
2026-07-04,1,1
2026-07-05,9,4
2026-07-06,3,2
2026-07-07,0,0
2026-07-08,3,2
2026-07-09,0,0
2026-07-10,4,1
2026-07-11,1,1
2026-07-12,3,2
2026-07-13,9,6
2026-07-14,0,0
2026-07-15,0,0
2026-07-16,0,0
2026-07-17,26,14
2026-07-18,1,1
2026-07-19,0,0
2026-07-20,3,3
2026-07-21,1,1
2026-07-22,0,0
2026-07-23,0,0
2026-07-24,0,0
2026-07-25,0,0
2026-07-26,0,0
2026-07-27,2,2
2026-07-28,0,0
2026-07-29,0,0
2026-07-30,1,1
2026-07-31,0,0
2026-08-01,0,0
2026-08-02,0,0
2026-08-03,2,2
2026-08-04,0,0
2026-08-05,2,1
2026-08-06,9,3
2026-08-07,1,1
2026-08-08,0,0
2026-08-09,1,1
2026-08-10,2,2
2026-08-11,2,2
2026-08-12,0,0
2026-08-13,26,18
2026-08-14,0,0
2026-08-15,0,0
2026-08-16,1,1
2026-08-17,2,2
2026-08-18,0,0
2026-08-19,3,3
2026-08-20,0,0
2026-08-21,0,0
2026-08-22,0,0
2026-08-23,1,1
2026-08-24,1,1
2026-08-25,0,0
2026-08-26,0,0
2026-08-27,0,0
2026-08-28,0,0
2026-08-29,6,6
2026-08-30,0,0
